"","AtBat","Hits","HmRun","Runs","RBI","Walks","Years","CAtBat","CHits","CHmRun","CRuns","CRBI","CWalks","League","Division","PutOuts","Assists","Errors","Salary","NewLeague","rownumber","name","Avg","CAvg","RunsCat","AvgCat","SalaryCat","YearsCat","high_salary"
"-Alan Ashby",315,81,7,24,38,39,14,3449,835,69,321,414,375,"N","W",632,43,10,475,"N",1,"Alan Ashby",0.257142857142857,0.242099159176573,"[-0.13,26)","[0.25,0.3)","[425,750)","[10,24]","0"
"-Alvin Davis",479,130,18,66,72,76,3,1624,457,63,224,266,263,"A","W",880,82,14,480,"A",2,"Alvin Davis",0.271398747390397,0.2814039408867,"[52,78)","[0.25,0.3)","[425,750)","[1,4)","0"
"-Andre Dawson",496,141,20,65,78,37,11,5628,1575,225,828,838,354,"N","E",200,11,3,500,"N",3,"Andre Dawson",0.284274193548387,0.279850746268657,"[52,78)","[0.25,0.3)","[425,750)","[10,24]","0"
"-Andres Galarraga",321,87,10,39,42,30,2,396,101,12,48,46,33,"N","E",805,40,4,91.5,"N",4,"Andres Galarraga",0.271028037383178,0.255050505050505,"[26,52)","[0.25,0.3)","[67.5,190)","[1,4)","0"
"-Alfredo Griffin",594,169,4,74,51,35,11,4408,1133,19,501,336,194,"A","W",282,421,25,750,"A",5,"Alfredo Griffin",0.284511784511784,0.257032667876588,"[52,78)","[0.25,0.3)","[750,2.46e+03]","[10,24]","1"
"-Al Newman",185,37,1,23,8,21,2,214,42,1,30,9,24,"N","E",76,127,7,70,"A",6,"Al Newman",0.2,0.196261682242991,"[-0.13,26)","[0.2,0.25)","[67.5,190)","[1,4)","0"
"-Argenis Salazar",298,73,0,24,24,7,3,509,108,0,41,37,12,"A","W",121,283,9,100,"A",7,"Argenis Salazar",0.24496644295302,0.212180746561886,"[-0.13,26)","[0.2,0.25)","[67.5,190)","[1,4)","0"
"-Andres Thomas",323,81,6,26,32,8,2,341,86,6,32,34,8,"N","W",143,290,19,75,"N",8,"Andres Thomas",0.25077399380805,0.252199413489736,"[26,52)","[0.25,0.3)","[67.5,190)","[1,4)","0"
"-Andre Thornton",401,92,17,49,66,65,13,5206,1332,253,784,890,866,"A","E",0,0,0,1100,"A",9,"Andre Thornton",0.229426433915212,0.255858624663849,"[26,52)","[0.2,0.25)","[750,2.46e+03]","[10,24]","1"
"-Alan Trammell",574,159,21,107,75,59,10,4631,1300,90,702,504,488,"A","E",238,445,22,517.143,"A",10,"Alan Trammell",0.277003484320557,0.280716907795293,"[104,130)","[0.25,0.3)","[425,750)","[10,24]","0"
"-Alex Trevino",202,53,4,31,26,27,9,1876,467,15,192,186,161,"N","W",304,45,11,512.5,"N",11,"Alex Trevino",0.262376237623762,0.248933901918977,"[26,52)","[0.25,0.3)","[425,750)","[6,10)","0"
"-Andy VanSlyke",418,113,13,48,61,47,4,1512,392,41,205,204,203,"N","E",211,11,7,550,"N",12,"Andy VanSlyke",0.270334928229665,0.259259259259259,"[26,52)","[0.25,0.3)","[425,750)","[4,6)","0"
"-Alan Wiggins",239,60,0,30,11,22,6,1941,510,4,309,103,207,"A","E",121,151,6,700,"A",13,"Alan Wiggins",0.251046025104602,0.262751159196291,"[26,52)","[0.25,0.3)","[425,750)","[6,10)","0"
"-Bill Almon",196,43,7,29,27,30,13,3231,825,36,376,290,238,"N","E",80,45,8,240,"N",14,"Bill Almon",0.219387755102041,0.255338904363974,"[26,52)","[0.2,0.25)","[190,425)","[10,24]","0"
"-Buddy Bell",568,158,20,89,75,73,15,8068,2273,177,1045,993,732,"N","W",105,290,10,775,"N",15,"Buddy Bell",0.278169014084507,0.281730292513634,"[78,104)","[0.25,0.3)","[750,2.46e+03]","[10,24]","1"
"-Buddy Biancalana",190,46,2,24,8,15,5,479,102,5,65,23,39,"A","W",102,177,16,175,"A",16,"Buddy Biancalana",0.242105263157895,0.21294363256785,"[-0.13,26)","[0.2,0.25)","[67.5,190)","[4,6)","0"
"-Bruce Bochy",127,32,8,16,22,14,8,727,180,24,67,82,56,"N","W",202,22,2,135,"N",17,"Bruce Bochy",0.251968503937008,0.247592847317744,"[-0.13,26)","[0.25,0.3)","[67.5,190)","[6,10)","0"
"-Barry Bonds",413,92,16,72,48,65,1,413,92,16,72,48,65,"N","E",280,9,5,100,"N",18,"Barry Bonds",0.222760290556901,0.222760290556901,"[52,78)","[0.2,0.25)","[67.5,190)","[1,4)","0"
"-Bobby Bonilla",426,109,3,55,43,62,1,426,109,3,55,43,62,"A","W",361,22,2,115,"N",19,"Bobby Bonilla",0.255868544600939,0.255868544600939,"[52,78)","[0.25,0.3)","[67.5,190)","[1,4)","0"
"-Bob Brenly",472,116,16,60,62,74,6,1924,489,67,242,251,240,"N","W",518,55,3,600,"N",20,"Bob Brenly",0.245762711864407,0.254158004158004,"[52,78)","[0.2,0.25)","[425,750)","[6,10)","0"
"-Bill Buckner",629,168,18,73,102,40,18,8424,2464,164,1008,1072,402,"A","E",1067,157,14,776.667,"A",21,"Bill Buckner",0.267090620031797,0.292497625830959,"[52,78)","[0.25,0.3)","[750,2.46e+03]","[10,24]","1"
"-Brett Butler",587,163,4,92,51,70,6,2695,747,17,442,198,317,"A","E",434,9,3,765,"A",22,"Brett Butler",0.277683134582624,0.277179962894249,"[78,104)","[0.25,0.3)","[750,2.46e+03]","[6,10)","1"
"-Bob Dernier",324,73,4,32,18,22,7,1931,491,13,291,108,180,"N","E",222,3,3,708.333,"N",23,"Bob Dernier",0.225308641975309,0.254272397721388,"[26,52)","[0.2,0.25)","[425,750)","[6,10)","0"
"-Bo Diaz",474,129,10,50,56,40,10,2331,604,61,246,327,166,"N","W",732,83,13,750,"N",24,"Bo Diaz",0.272151898734177,0.259116259116259,"[26,52)","[0.25,0.3)","[750,2.46e+03]","[10,24]","1"
"-Bill Doran",550,152,6,92,37,81,5,2308,633,32,349,182,308,"N","W",262,329,16,625,"N",25,"Bill Doran",0.276363636363636,0.274263431542461,"[78,104)","[0.25,0.3)","[425,750)","[4,6)","0"
"-Brian Downing",513,137,20,90,95,90,14,5201,1382,166,763,734,784,"A","W",267,5,3,900,"A",26,"Brian Downing",0.267056530214425,0.265718131128629,"[78,104)","[0.25,0.3)","[750,2.46e+03]","[10,24]","1"
"-Billy Hatcher",419,108,6,55,36,22,3,591,149,8,80,46,31,"N","W",226,7,4,110,"N",27,"Billy Hatcher",0.257756563245823,0.252115059221658,"[52,78)","[0.25,0.3)","[67.5,190)","[1,4)","0"
"-Brook Jacoby",583,168,17,83,80,56,5,1646,452,44,219,208,136,"A","E",109,292,25,612.5,"A",28,"Brook Jacoby",0.288164665523156,0.27460510328068,"[78,104)","[0.25,0.3)","[425,750)","[4,6)","0"
"-Bob Kearney",204,49,6,23,25,12,7,1309,308,27,126,132,66,"A","W",419,46,5,300,"A",29,"Bob Kearney",0.240196078431373,0.235294117647059,"[-0.13,26)","[0.2,0.25)","[190,425)","[6,10)","0"
"-Bill Madlock",379,106,10,38,60,30,14,6207,1906,146,859,803,571,"N","W",72,170,24,850,"N",30,"Bill Madlock",0.279683377308707,0.307072659900113,"[26,52)","[0.25,0.3)","[750,2.46e+03]","[10,24]","1"
"-Bob Melvin",268,60,5,24,25,15,2,350,78,5,34,29,18,"N","W",442,59,6,90,"N",31,"Bob Melvin",0.223880597014925,0.222857142857143,"[-0.13,26)","[0.2,0.25)","[67.5,190)","[1,4)","0"
"-BillyJo Robidoux",181,41,1,15,21,33,2,232,50,4,20,29,45,"A","E",326,29,5,67.5,"A",32,"BillyJo Robidoux",0.226519337016575,0.21551724137931,"[-0.13,26)","[0.2,0.25)","[67.5,190)","[1,4)","0"
"-Bill Schroeder",217,46,7,32,19,9,4,694,160,32,86,76,32,"A","E",307,25,1,180,"A",33,"Bill Schroeder",0.211981566820276,0.230547550432277,"[26,52)","[0.2,0.25)","[67.5,190)","[4,6)","0"
"-Chris Bando",254,68,2,28,26,22,6,999,236,21,108,117,118,"A","E",359,30,4,305,"A",34,"Chris Bando",0.267716535433071,0.236236236236236,"[26,52)","[0.25,0.3)","[190,425)","[6,10)","0"
"-Chris Brown",416,132,7,57,49,33,3,932,273,24,113,121,80,"N","W",73,177,18,215,"N",35,"Chris Brown",0.317307692307692,0.292918454935622,"[52,78)","[0.3,1)","[190,425)","[1,4)","0"
"-Carmen Castillo",205,57,8,34,32,9,5,756,192,32,117,107,51,"A","E",58,4,4,247.5,"A",36,"Carmen Castillo",0.278048780487805,0.253968253968254,"[26,52)","[0.25,0.3)","[190,425)","[4,6)","0"
"-Chili Davis",526,146,13,71,70,84,6,2648,715,77,352,342,289,"N","W",303,9,9,815,"N",37,"Chili Davis",0.277566539923954,0.270015105740181,"[52,78)","[0.25,0.3)","[750,2.46e+03]","[6,10)","1"
"-Carlton Fisk",457,101,14,42,63,22,17,6521,1767,281,1003,977,619,"A","W",389,39,4,875,"A",38,"Carlton Fisk",0.221006564551422,0.270970710013802,"[26,52)","[0.2,0.25)","[750,2.46e+03]","[10,24]","1"
"-Curt Ford",214,53,2,30,29,23,2,226,59,2,32,32,27,"N","E",109,7,3,70,"N",39,"Curt Ford",0.247663551401869,0.261061946902655,"[26,52)","[0.2,0.25)","[67.5,190)","[1,4)","0"
"-Carney Lansford",591,168,19,80,72,39,9,4478,1307,113,634,563,319,"A","W",67,147,4,1200,"A",40,"Carney Lansford",0.284263959390863,0.291871371147834,"[78,104)","[0.25,0.3)","[750,2.46e+03]","[6,10)","1"
"-Chet Lemon",403,101,12,45,53,39,12,5150,1429,166,747,666,526,"A","E",316,6,5,675,"A",41,"Chet Lemon",0.250620347394541,0.27747572815534,"[26,52)","[0.25,0.3)","[425,750)","[10,24]","0"
"-Candy Maldonado",405,102,18,49,85,20,6,950,231,29,99,138,64,"N","W",161,10,3,415,"N",42,"Candy Maldonado",0.251851851851852,0.243157894736842,"[26,52)","[0.25,0.3)","[190,425)","[6,10)","0"
"-Carmelo Martinez",244,58,9,28,25,35,4,1335,333,49,164,179,194,"N","W",142,14,2,340,"N",43,"Carmelo Martinez",0.237704918032787,0.249438202247191,"[26,52)","[0.2,0.25)","[190,425)","[4,6)","0"
"-Craig Reynolds",313,78,6,32,41,12,12,3742,968,35,409,321,170,"N","W",106,206,7,416.667,"N",44,"Craig Reynolds",0.249201277955272,0.258685195082843,"[26,52)","[0.2,0.25)","[190,425)","[10,24]","0"
"-Cal Ripken",627,177,25,98,81,70,6,3210,927,133,529,472,313,"A","E",240,482,13,1350,"A",45,"Cal Ripken",0.282296650717703,0.288785046728972,"[78,104)","[0.25,0.3)","[750,2.46e+03]","[6,10)","1"
"-Cory Snyder",416,113,24,58,69,16,1,416,113,24,58,69,16,"A","E",203,70,10,90,"A",46,"Cory Snyder",0.271634615384615,0.271634615384615,"[52,78)","[0.25,0.3)","[67.5,190)","[1,4)","0"
"-Chris Speier",155,44,6,21,23,15,16,6631,1634,98,698,661,777,"N","E",53,88,3,275,"N",47,"Chris Speier",0.283870967741935,0.246418338108883,"[-0.13,26)","[0.25,0.3)","[190,425)","[10,24]","0"
"-Curt Wilkerson",236,56,0,27,15,11,4,1115,270,1,116,64,57,"A","W",125,199,13,230,"A",48,"Curt Wilkerson",0.23728813559322,0.242152466367713,"[26,52)","[0.2,0.25)","[190,425)","[4,6)","0"
"-Dave Anderson",216,53,1,31,15,22,4,926,210,9,118,69,114,"N","W",73,152,11,225,"N",49,"Dave Anderson",0.24537037037037,0.226781857451404,"[26,52)","[0.2,0.25)","[190,425)","[4,6)","0"
"-Don Baylor",585,139,31,93,94,62,17,7546,1982,315,1141,1179,727,"A","E",0,0,0,950,"A",50,"Don Baylor",0.237606837606838,0.262655711635303,"[78,104)","[0.2,0.25)","[750,2.46e+03]","[10,24]","1"
"-Daryl Boston",199,53,5,29,22,21,3,514,120,8,57,40,39,"A","W",152,3,5,75,"A",51,"Daryl Boston",0.266331658291457,0.233463035019455,"[26,52)","[0.25,0.3)","[67.5,190)","[1,4)","0"
"-Darnell Coles",521,142,20,67,86,45,4,815,205,22,99,103,78,"A","E",107,242,23,105,"A",52,"Darnell Coles",0.272552783109405,0.251533742331288,"[52,78)","[0.25,0.3)","[67.5,190)","[4,6)","0"
"-Dave Concepcion",311,81,3,42,30,26,17,8247,2198,100,950,909,690,"N","W",153,223,10,320,"N",53,"Dave Concepcion",0.260450160771704,0.266521159209409,"[26,52)","[0.25,0.3)","[190,425)","[10,24]","0"
"-Doug DeCinces",512,131,26,69,96,52,14,5347,1397,221,712,815,548,"A","W",119,216,12,850,"A",54,"Doug DeCinces",0.255859375,0.261268000748083,"[52,78)","[0.25,0.3)","[750,2.46e+03]","[10,24]","1"
"-Darrell Evans",507,122,29,78,85,91,18,7761,1947,347,1175,1152,1380,"A","E",808,108,2,535,"A",55,"Darrell Evans",0.240631163708087,0.250869733281794,"[78,104)","[0.2,0.25)","[425,750)","[10,24]","0"
"-Dwight Evans",529,137,26,86,97,97,15,6661,1785,291,1082,949,989,"A","E",280,10,5,933.333,"A",56,"Dwight Evans",0.258979206049149,0.267977781113947,"[78,104)","[0.25,0.3)","[750,2.46e+03]","[10,24]","1"
"-Damaso Garcia",424,119,6,57,46,13,9,3651,1046,32,461,301,112,"A","E",224,286,8,850,"N",57,"Damaso Garcia",0.280660377358491,0.286496850178033,"[52,78)","[0.25,0.3)","[750,2.46e+03]","[6,10)","1"
"-Dan Gladden",351,97,4,55,29,39,4,1258,353,16,196,110,117,"N","W",226,7,3,210,"A",58,"Dan Gladden",0.276353276353276,0.28060413354531,"[52,78)","[0.25,0.3)","[190,425)","[4,6)","0"
"-Dave Henderson",388,103,15,59,47,39,6,2174,555,80,285,274,186,"A","W",182,9,4,325,"A",59,"Dave Henderson",0.265463917525773,0.255289788408464,"[52,78)","[0.25,0.3)","[190,425)","[6,10)","0"
"-Donnie Hill",339,96,4,37,29,23,4,1064,290,11,123,108,55,"A","W",104,213,9,275,"A",60,"Donnie Hill",0.283185840707965,0.272556390977444,"[26,52)","[0.25,0.3)","[190,425)","[4,6)","0"
"-Davey Lopes",255,70,7,49,35,43,15,6311,1661,154,1019,608,820,"N","E",51,54,8,450,"N",61,"Davey Lopes",0.274509803921569,0.263191253367137,"[26,52)","[0.25,0.3)","[425,750)","[10,24]","0"
"-Don Mattingly",677,238,31,117,113,53,5,2223,737,93,349,401,171,"A","E",1377,100,6,1975,"A",62,"Don Mattingly",0.351550960118168,0.331533963112911,"[104,130)","[0.3,1)","[750,2.46e+03]","[4,6)","1"
"-Dale Murphy",614,163,29,89,83,75,11,5017,1388,266,813,822,617,"N","W",303,6,6,1900,"N",63,"Dale Murphy",0.265472312703583,0.276659358182181,"[78,104)","[0.25,0.3)","[750,2.46e+03]","[10,24]","1"
"-Dwayne Murphy",329,83,9,50,39,56,9,3828,948,145,575,528,635,"A","W",276,6,2,600,"A",64,"Dwayne Murphy",0.252279635258359,0.247648902821317,"[26,52)","[0.25,0.3)","[425,750)","[6,10)","0"
"-Dave Parker",637,174,31,89,116,56,14,6727,2024,247,978,1093,495,"N","W",278,9,9,1041.667,"N",65,"Dave Parker",0.273155416012559,0.300877062583618,"[78,104)","[0.25,0.3)","[750,2.46e+03]","[10,24]","1"
"-Dan Pasqua",280,82,16,44,45,47,2,428,113,25,61,70,63,"A","E",148,4,2,110,"A",66,"Dan Pasqua",0.292857142857143,0.264018691588785,"[26,52)","[0.25,0.3)","[67.5,190)","[1,4)","0"
"-Darrell Porter",155,41,12,21,29,22,16,5409,1338,181,746,805,875,"A","W",165,9,1,260,"A",67,"Darrell Porter",0.264516129032258,0.247365501941209,"[-0.13,26)","[0.25,0.3)","[190,425)","[10,24]","0"
"-Dick Schofield",458,114,13,67,57,48,4,1350,298,28,160,123,122,"A","W",246,389,18,475,"A",68,"Dick Schofield",0.248908296943231,0.220740740740741,"[52,78)","[0.2,0.25)","[425,750)","[4,6)","0"
"-Don Slaught",314,83,13,39,46,16,5,1457,405,28,156,159,76,"A","W",533,40,4,431.5,"A",69,"Don Slaught",0.264331210191083,0.277968428277282,"[26,52)","[0.25,0.3)","[425,750)","[4,6)","0"
"-Darryl Strawberry",475,123,27,76,93,72,4,1810,471,108,292,343,267,"N","E",226,10,6,1220,"N",70,"Darryl Strawberry",0.258947368421053,0.260220994475138,"[52,78)","[0.25,0.3)","[750,2.46e+03]","[4,6)","1"
"-Dale Sveum",317,78,7,35,35,32,1,317,78,7,35,35,32,"A","E",45,122,26,70,"A",71,"Dale Sveum",0.246056782334385,0.246056782334385,"[26,52)","[0.2,0.25)","[67.5,190)","[1,4)","0"
"-Danny Tartabull",511,138,25,76,96,61,3,592,164,28,87,110,71,"A","W",157,7,8,145,"A",72,"Danny Tartabull",0.270058708414873,0.277027027027027,"[52,78)","[0.25,0.3)","[67.5,190)","[1,4)","0"
"-Denny Walling",382,119,13,54,58,36,12,2133,594,41,287,294,227,"N","W",59,156,9,595,"N",73,"Denny Walling",0.31151832460733,0.278481012658228,"[52,78)","[0.3,1)","[425,750)","[10,24]","0"
"-Dave Winfield",565,148,24,90,104,77,14,7287,2083,305,1135,1234,791,"A","E",292,9,5,1861.46,"A",74,"Dave Winfield",0.261946902654867,0.285851516399067,"[78,104)","[0.25,0.3)","[750,2.46e+03]","[10,24]","1"
"-Eric Davis",415,115,27,97,71,68,3,711,184,45,156,119,99,"N","W",274,2,7,300,"N",75,"Eric Davis",0.27710843373494,0.258790436005626,"[78,104)","[0.25,0.3)","[190,425)","[1,4)","0"
"-Eddie Milner",424,110,15,70,47,36,7,2130,544,38,335,174,258,"N","W",292,6,3,490,"N",76,"Eddie Milner",0.259433962264151,0.255399061032864,"[52,78)","[0.25,0.3)","[425,750)","[6,10)","0"
"-Eddie Murray",495,151,17,61,84,78,10,5624,1679,275,884,1015,709,"A","E",1045,88,13,2460,"A",77,"Eddie Murray",0.305050505050505,0.298541963015647,"[52,78)","[0.3,1)","[750,2.46e+03]","[10,24]","1"
"-Ed Romero",233,49,2,41,23,18,8,1350,336,7,166,122,106,"A","E",102,132,10,375,"A",78,"Ed Romero",0.210300429184549,0.248888888888889,"[26,52)","[0.2,0.25)","[190,425)","[6,10)","0"
"-Frank White",566,154,22,76,84,43,14,6100,1583,131,743,693,300,"A","W",316,439,10,750,"A",79,"Frank White",0.27208480565371,0.259508196721311,"[52,78)","[0.25,0.3)","[750,2.46e+03]","[10,24]","1"
"-George Bell",641,198,31,101,108,41,5,2129,610,92,297,319,117,"A","E",269,17,10,1175,"A",80,"George Bell",0.308892355694228,0.286519492719587,"[78,104)","[0.3,1)","[750,2.46e+03]","[4,6)","1"
"-Glenn Braggs",215,51,4,19,18,11,1,215,51,4,19,18,11,"A","E",116,5,12,70,"A",81,"Glenn Braggs",0.237209302325581,0.237209302325581,"[-0.13,26)","[0.2,0.25)","[67.5,190)","[1,4)","0"
"-George Brett",441,128,16,70,73,80,14,6675,2095,209,1072,1050,695,"A","W",97,218,16,1500,"A",82,"George Brett",0.290249433106576,0.313857677902622,"[52,78)","[0.25,0.3)","[750,2.46e+03]","[10,24]","1"
"-Greg Brock",325,76,16,33,52,37,5,1506,351,71,195,219,214,"N","W",726,87,3,385,"A",83,"Greg Brock",0.233846153846154,0.233067729083665,"[26,52)","[0.2,0.25)","[190,425)","[4,6)","0"
"-Gary Carter",490,125,24,81,105,62,13,6063,1646,271,847,999,680,"N","E",869,62,8,1925.571,"N",84,"Gary Carter",0.255102040816327,0.271482764308098,"[78,104)","[0.25,0.3)","[750,2.46e+03]","[10,24]","1"
"-Glenn Davis",574,152,31,91,101,64,3,985,260,53,148,173,95,"N","W",1253,111,11,215,"N",85,"Glenn Davis",0.264808362369338,0.263959390862944,"[78,104)","[0.25,0.3)","[190,425)","[1,4)","0"
"-Gary Gaetti",596,171,34,91,108,52,6,2862,728,107,361,401,224,"A","W",118,334,21,900,"A",86,"Gary Gaetti",0.286912751677852,0.254367575122292,"[78,104)","[0.25,0.3)","[750,2.46e+03]","[6,10)","1"
"-Greg Gagne",472,118,12,63,54,30,4,793,187,14,102,80,50,"A","W",228,377,26,155,"A",87,"Greg Gagne",0.25,0.235813366960908,"[52,78)","[0.25,0.3)","[67.5,190)","[4,6)","0"
"-George Hendrick",283,77,14,45,47,26,16,6840,1910,259,915,1067,546,"A","W",144,6,5,700,"A",88,"George Hendrick",0.27208480565371,0.279239766081871,"[26,52)","[0.25,0.3)","[425,750)","[10,24]","0"
"-Glenn Hubbard",408,94,4,42,36,66,9,3573,866,59,429,365,410,"N","W",282,487,19,535,"N",89,"Glenn Hubbard",0.230392156862745,0.242373355723482,"[26,52)","[0.2,0.25)","[425,750)","[6,10)","0"
"-Garth Iorg",327,85,3,30,44,20,8,2140,568,16,216,208,93,"A","E",91,185,12,362.5,"A",90,"Garth Iorg",0.259938837920489,0.265420560747664,"[26,52)","[0.25,0.3)","[190,425)","[6,10)","0"
"-Gary Matthews",370,96,21,49,46,60,15,6986,1972,231,1070,955,921,"N","E",137,5,9,733.333,"N",91,"Gary Matthews",0.259459459459459,0.282278843401088,"[26,52)","[0.25,0.3)","[425,750)","[10,24]","0"
"-Graig Nettles",354,77,16,36,55,41,20,8716,2172,384,1172,1267,1057,"N","W",83,174,16,200,"N",92,"Graig Nettles",0.217514124293785,0.249196879302432,"[26,52)","[0.2,0.25)","[190,425)","[10,24]","0"
"-Gary Pettis",539,139,5,93,58,69,5,1469,369,12,247,126,198,"A","W",462,9,7,400,"A",93,"Gary Pettis",0.257884972170686,0.251191286589517,"[78,104)","[0.25,0.3)","[190,425)","[4,6)","0"
"-Gary Redus",340,84,11,62,33,47,5,1516,376,42,284,141,219,"N","E",185,8,4,400,"A",94,"Gary Redus",0.247058823529412,0.24802110817942,"[52,78)","[0.2,0.25)","[190,425)","[4,6)","0"
"-Garry Templeton",510,126,2,42,44,35,11,5562,1578,44,703,519,256,"N","W",207,358,20,737.5,"N",95,"Garry Templeton",0.247058823529412,0.283710895361381,"[26,52)","[0.2,0.25)","[425,750)","[10,24]","0"
"-Greg Walker",282,78,13,37,51,29,5,1649,453,73,211,280,138,"A","W",670,57,5,500,"A",96,"Greg Walker",0.276595744680851,0.274711946634324,"[26,52)","[0.25,0.3)","[425,750)","[4,6)","0"
"-Gary Ward",380,120,5,54,51,31,8,3118,900,92,444,419,240,"A","W",237,8,1,600,"A",97,"Gary Ward",0.315789473684211,0.288646568313021,"[52,78)","[0.3,1)","[425,750)","[6,10)","0"
"-Glenn Wilson",584,158,15,70,84,42,5,2358,636,58,265,316,134,"N","E",331,20,4,662.5,"N",98,"Glenn Wilson",0.270547945205479,0.269720101781171,"[52,78)","[0.25,0.3)","[425,750)","[4,6)","0"
"-Harold Baines",570,169,21,72,88,38,7,3754,1077,140,492,589,263,"A","W",295,15,5,950,"A",99,"Harold Baines",0.296491228070175,0.286893979754928,"[52,78)","[0.25,0.3)","[750,2.46e+03]","[6,10)","1"
"-Hubie Brooks",306,104,14,50,58,25,7,2954,822,55,313,377,187,"N","E",116,222,15,750,"N",100,"Hubie Brooks",0.339869281045752,0.278266756939743,"[26,52)","[0.3,1)","[750,2.46e+03]","[6,10)","1"
"-Howard Johnson",220,54,10,30,39,31,5,1185,299,40,145,154,128,"N","E",50,136,20,297.5,"N",101,"Howard Johnson",0.245454545454545,0.252320675105485,"[26,52)","[0.2,0.25)","[190,425)","[4,6)","0"
"-Hal McRae",278,70,7,22,37,18,18,7186,2081,190,935,1088,643,"A","W",0,0,0,325,"A",102,"Hal McRae",0.251798561151079,0.289590871138325,"[-0.13,26)","[0.25,0.3)","[190,425)","[10,24]","0"
"-Harold Reynolds",445,99,1,46,24,29,4,618,129,1,72,31,48,"A","W",278,415,16,87.5,"A",103,"Harold Reynolds",0.22247191011236,0.20873786407767,"[26,52)","[0.2,0.25)","[67.5,190)","[4,6)","0"
"-Harry Spilman",143,39,5,18,30,15,9,639,151,16,80,97,61,"N","W",138,15,1,175,"N",104,"Harry Spilman",0.272727272727273,0.236306729264476,"[-0.13,26)","[0.25,0.3)","[67.5,190)","[6,10)","0"
"-Herm Winningham",185,40,4,23,11,18,3,524,125,7,58,37,47,"N","E",97,2,2,90,"N",105,"Herm Winningham",0.216216216216216,0.238549618320611,"[-0.13,26)","[0.2,0.25)","[67.5,190)","[1,4)","0"
"-Jesse Barfield",589,170,40,107,108,69,6,2325,634,128,371,376,238,"A","E",368,20,3,1237.5,"A",106,"Jesse Barfield",0.288624787775891,0.272688172043011,"[104,130)","[0.25,0.3)","[750,2.46e+03]","[6,10)","1"
"-Juan Beniquez",343,103,6,48,36,40,15,4338,1193,70,581,421,325,"A","E",211,56,13,430,"A",107,"Juan Beniquez",0.300291545189504,0.27501152604887,"[26,52)","[0.3,1)","[425,750)","[10,24]","0"
"-John Cangelosi",438,103,2,65,32,71,2,440,103,2,67,32,71,"A","W",276,7,9,100,"N",108,"John Cangelosi",0.235159817351598,0.234090909090909,"[52,78)","[0.2,0.25)","[67.5,190)","[1,4)","0"
"-Jose Canseco",600,144,33,85,117,65,2,696,173,38,101,130,69,"A","W",319,4,14,165,"A",109,"Jose Canseco",0.24,0.248563218390805,"[78,104)","[0.2,0.25)","[67.5,190)","[1,4)","0"
"-Joe Carter",663,200,29,108,121,32,4,1447,404,57,210,222,68,"A","E",241,8,6,250,"A",110,"Joe Carter",0.301659125188537,0.279198341395992,"[104,130)","[0.3,1)","[190,425)","[4,6)","0"
"-Jack Clark",232,55,9,34,23,45,12,4405,1213,194,702,705,625,"N","E",623,35,3,1300,"N",111,"Jack Clark",0.237068965517241,0.275368898978434,"[26,52)","[0.2,0.25)","[750,2.46e+03]","[10,24]","1"
"-Jose Cruz",479,133,10,48,72,55,17,7472,2147,153,980,1032,854,"N","W",237,5,4,773.333,"N",112,"Jose Cruz",0.277661795407098,0.287339400428266,"[26,52)","[0.25,0.3)","[750,2.46e+03]","[10,24]","1"
"-Jody Davis",528,132,21,61,74,41,6,2641,671,97,273,383,226,"N","E",885,105,8,1008.333,"N",113,"Jody Davis",0.25,0.254070427868232,"[52,78)","[0.25,0.3)","[750,2.46e+03]","[6,10)","1"
"-Jim Dwyer",160,39,8,18,31,22,14,2128,543,56,304,268,298,"A","E",33,3,0,275,"A",114,"Jim Dwyer",0.24375,0.255169172932331,"[-0.13,26)","[0.2,0.25)","[190,425)","[10,24]","0"
"-Julio Franco",599,183,10,80,74,32,5,2482,715,27,330,326,158,"A","E",231,374,18,775,"A",115,"Julio Franco",0.30550918196995,0.288074133763094,"[78,104)","[0.3,1)","[750,2.46e+03]","[4,6)","1"
"-Jim Gantner",497,136,7,58,38,26,11,3871,1066,40,450,367,241,"A","E",304,347,10,850,"A",116,"Jim Gantner",0.27364185110664,0.275381038491346,"[52,78)","[0.25,0.3)","[750,2.46e+03]","[10,24]","1"
"-Johnny Grubb",210,70,13,32,51,28,15,4040,1130,97,544,462,551,"A","E",0,0,0,365,"A",117,"Johnny Grubb",0.333333333333333,0.27970297029703,"[26,52)","[0.3,1)","[190,425)","[10,24]","0"
"-Jack Howell",151,41,4,26,21,19,2,288,68,9,45,39,35,"A","W",28,56,2,95,"A",118,"Jack Howell",0.271523178807947,0.236111111111111,"[26,52)","[0.25,0.3)","[67.5,190)","[1,4)","0"
"-John Kruk",278,86,4,33,38,45,1,278,86,4,33,38,45,"N","W",102,4,2,110,"N",119,"John Kruk",0.309352517985612,0.309352517985612,"[26,52)","[0.3,1)","[67.5,190)","[1,4)","0"
"-Jeffrey Leonard",341,95,6,48,42,20,10,2964,808,81,379,428,221,"N","W",158,4,5,100,"N",120,"Jeffrey Leonard",0.278592375366569,0.272604588394062,"[26,52)","[0.25,0.3)","[67.5,190)","[10,24]","0"
"-Jim Morrison",537,147,23,58,88,47,10,2744,730,97,302,351,174,"N","E",92,257,20,277.5,"N",121,"Jim Morrison",0.273743016759777,0.266034985422741,"[52,78)","[0.25,0.3)","[190,425)","[10,24]","0"
"-John Moses",399,102,3,56,34,34,5,670,167,4,89,48,54,"A","W",211,9,3,80,"A",122,"John Moses",0.255639097744361,0.249253731343284,"[52,78)","[0.25,0.3)","[67.5,190)","[4,6)","0"
"-Jerry Mumphrey",309,94,5,37,32,26,13,4618,1330,57,616,522,436,"N","E",161,3,3,600,"N",123,"Jerry Mumphrey",0.3042071197411,0.288003464703335,"[26,52)","[0.3,1)","[425,750)","[10,24]","0"
"-Jim Presley",616,163,27,83,107,32,3,1437,377,65,181,227,82,"A","W",110,308,15,200,"A",124,"Jim Presley",0.26461038961039,0.262352122477383,"[78,104)","[0.25,0.3)","[190,425)","[1,4)","0"
"-Johnny Ray",579,174,7,67,78,58,6,3053,880,32,366,337,218,"N","E",280,479,5,657,"N",125,"Johnny Ray",0.300518134715026,0.288241074353095,"[52,78)","[0.3,1)","[425,750)","[6,10)","0"
"-Jeff Reed",165,39,2,13,9,16,3,196,44,2,18,10,18,"A","W",332,19,2,75,"N",126,"Jeff Reed",0.236363636363636,0.224489795918367,"[-0.13,26)","[0.2,0.25)","[67.5,190)","[1,4)","0"
"-Jim Rice",618,200,20,98,110,62,13,7127,2163,351,1104,1289,564,"A","E",330,16,8,2412.5,"A",127,"Jim Rice",0.323624595469256,0.303493756138628,"[78,104)","[0.3,1)","[750,2.46e+03]","[10,24]","1"
"-Jerry Royster",257,66,5,31,26,32,14,3910,979,33,518,324,382,"N","W",87,166,14,250,"A",128,"Jerry Royster",0.256809338521401,0.250383631713555,"[26,52)","[0.25,0.3)","[190,425)","[10,24]","0"
"-John Russell",315,76,13,35,60,25,3,630,151,24,68,94,55,"N","E",498,39,13,155,"N",129,"John Russell",0.241269841269841,0.23968253968254,"[26,52)","[0.2,0.25)","[67.5,190)","[1,4)","0"
"-Juan Samuel",591,157,16,90,78,26,4,2020,541,52,310,226,91,"N","E",290,440,25,640,"N",130,"Juan Samuel",0.265651438240271,0.267821782178218,"[78,104)","[0.25,0.3)","[425,750)","[4,6)","0"
"-John Shelby",404,92,11,54,49,18,6,1354,325,30,188,135,63,"A","E",222,5,5,300,"A",131,"John Shelby",0.227722772277228,0.240029542097489,"[52,78)","[0.2,0.25)","[190,425)","[6,10)","0"
"-Joel Skinner",315,73,5,23,37,16,4,450,108,6,38,46,28,"A","W",227,15,3,110,"A",132,"Joel Skinner",0.231746031746032,0.24,"[-0.13,26)","[0.2,0.25)","[67.5,190)","[4,6)","0"
"-Jim Sundberg",429,91,12,41,42,57,13,5590,1397,83,578,579,644,"A","W",686,46,4,825,"N",133,"Jim Sundberg",0.212121212121212,0.249910554561717,"[26,52)","[0.2,0.25)","[750,2.46e+03]","[10,24]","1"
"-Jose Uribe",453,101,3,46,43,61,3,948,218,6,96,72,91,"N","W",249,444,16,195,"N",134,"Jose Uribe",0.222958057395143,0.229957805907173,"[26,52)","[0.2,0.25)","[190,425)","[1,4)","0"
"-Joel Youngblood",184,47,5,20,28,18,11,3327,890,74,419,382,304,"N","W",49,2,0,450,"N",135,"Joel Youngblood",0.255434782608696,0.267508265704839,"[-0.13,26)","[0.25,0.3)","[425,750)","[10,24]","0"
"-Kevin Bass",591,184,20,83,79,38,5,1689,462,40,219,195,82,"N","W",303,12,5,630,"N",136,"Kevin Bass",0.311336717428088,0.273534635879218,"[78,104)","[0.3,1)","[425,750)","[4,6)","0"
"-Kal Daniels",181,58,6,34,23,22,1,181,58,6,34,23,22,"N","W",88,0,3,86.5,"N",137,"Kal Daniels",0.320441988950276,0.320441988950276,"[26,52)","[0.3,1)","[67.5,190)","[1,4)","0"
"-Kirk Gibson",441,118,28,84,86,68,8,2723,750,126,433,420,309,"A","E",190,2,2,1300,"A",138,"Kirk Gibson",0.267573696145125,0.275431509364671,"[78,104)","[0.25,0.3)","[750,2.46e+03]","[6,10)","1"
"-Ken Griffey",490,150,21,69,58,35,14,6126,1839,121,983,707,600,"A","E",96,5,3,1000,"N",139,"Ken Griffey",0.306122448979592,0.300195886385896,"[52,78)","[0.3,1)","[750,2.46e+03]","[10,24]","1"
"-Keith Hernandez",551,171,13,94,83,94,13,6090,1840,128,969,900,917,"N","E",1199,149,5,1800,"N",140,"Keith Hernandez",0.310344827586207,0.302134646962233,"[78,104)","[0.3,1)","[750,2.46e+03]","[10,24]","1"
"-Kent Hrbek",550,147,29,85,91,71,6,2816,815,117,405,474,319,"A","W",1218,104,10,1310,"A",141,"Kent Hrbek",0.267272727272727,0.289417613636364,"[78,104)","[0.25,0.3)","[750,2.46e+03]","[6,10)","1"
"-Ken Landreaux",283,74,4,34,29,22,10,3919,1062,85,505,456,283,"N","W",145,5,7,737.5,"N",142,"Ken Landreaux",0.261484098939929,0.270987496810411,"[26,52)","[0.25,0.3)","[425,750)","[10,24]","0"
"-Kevin McReynolds",560,161,26,89,96,66,4,1789,470,65,233,260,155,"N","W",332,9,8,625,"N",143,"Kevin McReynolds",0.2875,0.262716601453326,"[78,104)","[0.25,0.3)","[425,750)","[4,6)","0"
"-Kevin Mitchell",328,91,12,51,43,33,2,342,94,12,51,44,33,"N","E",145,59,8,125,"N",144,"Kevin Mitchell",0.277439024390244,0.274853801169591,"[26,52)","[0.25,0.3)","[67.5,190)","[1,4)","0"
"-Keith Moreland",586,159,12,72,79,53,9,3082,880,83,363,477,295,"N","E",181,13,4,1043.333,"N",145,"Keith Moreland",0.271331058020478,0.285528877352369,"[52,78)","[0.25,0.3)","[750,2.46e+03]","[6,10)","1"
"-Ken Oberkfell",503,136,5,62,48,83,10,3423,970,20,408,303,414,"N","W",65,258,8,725,"N",146,"Ken Oberkfell",0.27037773359841,0.283377154542799,"[52,78)","[0.25,0.3)","[425,750)","[10,24]","0"
"-Ken Phelps",344,85,24,69,64,88,7,911,214,64,150,156,187,"A","W",0,0,0,300,"A",147,"Ken Phelps",0.247093023255814,0.234906695938529,"[52,78)","[0.2,0.25)","[190,425)","[6,10)","0"
"-Kirby Puckett",680,223,31,119,96,34,3,1928,587,35,262,201,91,"A","W",429,8,6,365,"A",148,"Kirby Puckett",0.327941176470588,0.304460580912863,"[104,130)","[0.3,1)","[190,425)","[1,4)","0"
"-Kurt Stillwell",279,64,0,31,26,30,1,279,64,0,31,26,30,"N","W",107,205,16,75,"N",149,"Kurt Stillwell",0.229390681003584,0.229390681003584,"[26,52)","[0.2,0.25)","[67.5,190)","[1,4)","0"
"-Leon Durham",484,127,20,66,65,67,7,3006,844,116,436,458,377,"N","E",1231,80,7,1183.333,"N",150,"Leon Durham",0.262396694214876,0.280771789753826,"[52,78)","[0.25,0.3)","[750,2.46e+03]","[6,10)","1"
"-Len Dykstra",431,127,8,77,45,58,2,667,187,9,117,64,88,"N","E",283,8,3,202.5,"N",151,"Len Dykstra",0.294663573085847,0.280359820089955,"[52,78)","[0.25,0.3)","[190,425)","[1,4)","0"
"-Larry Herndon",283,70,8,33,37,27,12,4479,1222,94,557,483,307,"A","E",156,2,2,225,"A",152,"Larry Herndon",0.247349823321555,0.272828756418843,"[26,52)","[0.2,0.25)","[190,425)","[10,24]","0"
"-Lee Lacy",491,141,11,77,47,37,15,4291,1240,84,615,430,340,"A","E",239,8,2,525,"A",153,"Lee Lacy",0.287169042769857,0.288976928454906,"[52,78)","[0.25,0.3)","[425,750)","[10,24]","0"
"-Len Matuszek",199,52,9,26,28,21,6,805,191,30,113,119,87,"N","W",235,22,5,265,"N",154,"Len Matuszek",0.261306532663317,0.237267080745342,"[26,52)","[0.25,0.3)","[190,425)","[6,10)","0"
"-Lloyd Moseby",589,149,21,89,86,64,7,3558,928,102,513,471,351,"A","E",371,6,6,787.5,"A",155,"Lloyd Moseby",0.252971137521222,0.260820685778527,"[78,104)","[0.25,0.3)","[750,2.46e+03]","[6,10)","1"
"-Lance Parrish",327,84,22,53,62,38,10,4273,1123,212,577,700,334,"A","E",483,48,6,800,"N",156,"Lance Parrish",0.256880733944954,0.262813011935408,"[52,78)","[0.25,0.3)","[750,2.46e+03]","[10,24]","1"
"-Larry Parrish",464,128,28,67,94,52,13,5829,1552,210,740,840,452,"A","W",0,0,0,587.5,"A",157,"Larry Parrish",0.275862068965517,0.266254932235375,"[52,78)","[0.25,0.3)","[425,750)","[10,24]","0"
"-Larry Sheets",338,92,18,42,60,21,3,682,185,36,88,112,50,"A","E",0,0,0,145,"A",158,"Larry Sheets",0.272189349112426,0.271260997067449,"[26,52)","[0.25,0.3)","[67.5,190)","[1,4)","0"
"-Lou Whitaker",584,157,20,95,73,63,10,4704,1320,93,724,522,576,"A","E",276,421,11,420,"A",159,"Lou Whitaker",0.268835616438356,0.280612244897959,"[78,104)","[0.25,0.3)","[190,425)","[10,24]","0"
"-Mike Aldrete",216,54,2,27,25,33,1,216,54,2,27,25,33,"N","W",317,36,1,75,"N",160,"Mike Aldrete",0.25,0.25,"[26,52)","[0.25,0.3)","[67.5,190)","[1,4)","0"
"-Marty Barrett",625,179,4,94,60,65,5,1696,476,12,216,163,166,"A","E",303,450,14,575,"A",161,"Marty Barrett",0.2864,0.280660377358491,"[78,104)","[0.25,0.3)","[425,750)","[4,6)","0"
"-Mike Davis",489,131,19,77,55,34,7,2051,549,62,300,263,153,"A","W",310,9,9,780,"A",162,"Mike Davis",0.267893660531697,0.267674305216967,"[52,78)","[0.25,0.3)","[750,2.46e+03]","[6,10)","1"
"-Mike Diaz",209,56,12,22,36,19,2,216,58,12,24,37,19,"N","E",201,6,3,90,"N",163,"Mike Diaz",0.267942583732057,0.268518518518519,"[-0.13,26)","[0.25,0.3)","[67.5,190)","[1,4)","0"
"-Mariano Duncan",407,93,8,47,30,30,2,969,230,14,121,69,68,"N","W",172,317,25,150,"N",164,"Mariano Duncan",0.228501228501229,0.237358101135191,"[26,52)","[0.2,0.25)","[67.5,190)","[1,4)","0"
"-Mike Easler",490,148,14,64,78,49,13,3400,1000,113,445,491,301,"A","E",0,0,0,700,"N",165,"Mike Easler",0.302040816326531,0.294117647058824,"[52,78)","[0.3,1)","[425,750)","[10,24]","0"
"-Mel Hall",442,131,18,68,77,33,6,1416,398,47,210,203,136,"A","E",233,7,7,550,"A",166,"Mel Hall",0.296380090497738,0.281073446327684,"[52,78)","[0.25,0.3)","[425,750)","[6,10)","0"
"-Mike Heath",288,65,8,30,36,27,9,2815,698,55,315,325,189,"N","E",259,30,10,650,"A",167,"Mike Heath",0.225694444444444,0.247957371225577,"[26,52)","[0.2,0.25)","[425,750)","[6,10)","0"
"-Mike Kingery",209,54,3,25,14,12,1,209,54,3,25,14,12,"A","W",102,6,3,68,"A",168,"Mike Kingery",0.258373205741627,0.258373205741627,"[-0.13,26)","[0.25,0.3)","[67.5,190)","[1,4)","0"
"-Mike LaValliere",303,71,3,18,30,36,3,344,76,3,20,36,45,"N","E",468,47,6,100,"N",169,"Mike LaValliere",0.234323432343234,0.22093023255814,"[-0.13,26)","[0.2,0.25)","[67.5,190)","[1,4)","0"
"-Mike Marshall",330,77,19,47,53,27,6,1928,516,90,247,288,161,"N","W",149,8,6,670,"N",170,"Mike Marshall",0.233333333333333,0.267634854771784,"[26,52)","[0.2,0.25)","[425,750)","[6,10)","0"
"-Mike Pagliarulo",504,120,28,71,71,54,3,1085,259,54,150,167,114,"A","E",103,283,19,175,"A",171,"Mike Pagliarulo",0.238095238095238,0.238709677419355,"[52,78)","[0.2,0.25)","[67.5,190)","[1,4)","0"
"-Mark Salas",258,60,8,28,33,18,3,638,170,17,80,75,36,"A","W",358,32,8,137,"A",172,"Mark Salas",0.232558139534884,0.266457680250784,"[26,52)","[0.2,0.25)","[67.5,190)","[1,4)","0"
"-Mike Schmidt",20,1,0,0,0,0,2,41,9,2,6,7,4,"N","E",78,220,6,2127.333,"N",173,"Mike Schmidt",0.05,0.219512195121951,"[-0.13,26)","[0,0.2)","[750,2.46e+03]","[1,4)","1"
"-Mike Scioscia",374,94,5,36,26,62,7,1968,519,26,181,199,288,"N","W",756,64,15,875,"N",174,"Mike Scioscia",0.251336898395722,0.263719512195122,"[26,52)","[0.25,0.3)","[750,2.46e+03]","[6,10)","1"
"-Mickey Tettleton",211,43,10,26,35,39,3,498,116,14,59,55,78,"A","W",463,32,8,120,"A",175,"Mickey Tettleton",0.203791469194313,0.232931726907631,"[26,52)","[0.2,0.25)","[67.5,190)","[1,4)","0"
"-Milt Thompson",299,75,6,38,23,26,3,580,160,8,71,33,44,"N","E",212,1,2,140,"N",176,"Milt Thompson",0.250836120401338,0.275862068965517,"[26,52)","[0.25,0.3)","[67.5,190)","[1,4)","0"
"-Mitch Webster",576,167,8,89,49,57,4,822,232,19,132,83,79,"N","E",325,12,8,210,"N",177,"Mitch Webster",0.289930555555556,0.282238442822384,"[78,104)","[0.25,0.3)","[190,425)","[4,6)","0"
"-Mookie Wilson",381,110,9,61,45,32,7,3015,834,40,451,249,168,"N","E",228,7,5,800,"N",178,"Mookie Wilson",0.288713910761155,0.276616915422886,"[52,78)","[0.25,0.3)","[750,2.46e+03]","[6,10)","1"
"-Marvell Wynne",288,76,7,34,37,15,4,1644,408,16,198,120,113,"N","W",203,3,3,240,"N",179,"Marvell Wynne",0.263888888888889,0.248175182481752,"[26,52)","[0.25,0.3)","[190,425)","[4,6)","0"
"-Mike Young",369,93,9,43,42,49,5,1258,323,54,181,177,157,"A","E",149,1,6,350,"A",180,"Mike Young",0.252032520325203,0.256756756756757,"[26,52)","[0.25,0.3)","[190,425)","[4,6)","0"
"-Ozzie Guillen",547,137,2,58,47,12,2,1038,271,3,129,80,24,"A","W",261,459,22,175,"A",181,"Ozzie Guillen",0.250457038391225,0.261078998073218,"[52,78)","[0.25,0.3)","[67.5,190)","[1,4)","0"
"-Oddibe McDowell",572,152,18,105,49,65,2,978,249,36,168,91,101,"A","W",325,13,3,200,"A",182,"Oddibe McDowell",0.265734265734266,0.254601226993865,"[104,130)","[0.25,0.3)","[190,425)","[1,4)","0"
"-Ozzie Smith",514,144,0,67,54,79,9,4739,1169,13,583,374,528,"N","E",229,453,15,1940,"N",183,"Ozzie Smith",0.280155642023346,0.246676514032496,"[52,78)","[0.25,0.3)","[750,2.46e+03]","[6,10)","1"
"-Ozzie Virgil",359,80,15,45,48,63,7,1493,359,61,176,202,175,"N","W",682,93,13,700,"N",184,"Ozzie Virgil",0.222841225626741,0.24045545880777,"[26,52)","[0.2,0.25)","[425,750)","[6,10)","0"
"-Phil Bradley",526,163,12,88,50,77,4,1556,470,38,245,167,174,"A","W",250,11,1,750,"A",185,"Phil Bradley",0.309885931558935,0.302056555269923,"[78,104)","[0.3,1)","[750,2.46e+03]","[4,6)","1"
"-Phil Garner",313,83,9,43,41,30,14,5885,1543,104,751,714,535,"N","W",58,141,23,450,"N",186,"Phil Garner",0.26517571884984,0.262192013593883,"[26,52)","[0.25,0.3)","[425,750)","[10,24]","0"
"-Pete Incaviglia",540,135,30,82,88,55,1,540,135,30,82,88,55,"A","W",157,6,14,172,"A",187,"Pete Incaviglia",0.25,0.25,"[78,104)","[0.25,0.3)","[67.5,190)","[1,4)","0"
"-Paul Molitor",437,123,9,62,55,40,9,4139,1203,79,676,390,364,"A","E",82,170,15,1260,"A",188,"Paul Molitor",0.281464530892448,0.290649915438512,"[52,78)","[0.25,0.3)","[750,2.46e+03]","[6,10)","1"
"-Pete Rose",237,52,0,15,25,30,24,14053,4256,160,2165,1314,1566,"N","W",523,43,6,750,"N",189,"Pete Rose",0.219409282700422,0.302853483242012,"[-0.13,26)","[0.2,0.25)","[750,2.46e+03]","[10,24]","1"
"-Pat Sheridan",236,56,6,41,19,21,5,1257,329,24,166,125,105,"A","E",172,1,4,190,"A",190,"Pat Sheridan",0.23728813559322,0.261734287987271,"[26,52)","[0.2,0.25)","[190,425)","[4,6)","0"
"-Pat Tabler",473,154,6,61,48,29,6,1966,566,29,250,252,178,"A","E",846,84,9,580,"A",191,"Pat Tabler",0.325581395348837,0.287894201424212,"[52,78)","[0.3,1)","[425,750)","[6,10)","0"
"-Rafael Belliard",309,72,0,33,31,26,5,354,82,0,41,32,26,"N","E",117,269,12,130,"N",192,"Rafael Belliard",0.233009708737864,0.231638418079096,"[26,52)","[0.2,0.25)","[67.5,190)","[4,6)","0"
"-Rick Burleson",271,77,5,35,29,33,12,4933,1358,48,630,435,403,"A","W",62,90,3,450,"A",193,"Rick Burleson",0.284132841328413,0.275288870869653,"[26,52)","[0.25,0.3)","[425,750)","[10,24]","0"
"-Randy Bush",357,96,7,50,45,39,5,1394,344,43,178,192,136,"A","W",167,2,4,300,"A",194,"Randy Bush",0.26890756302521,0.246771879483501,"[26,52)","[0.25,0.3)","[190,425)","[4,6)","0"
"-Rick Cerone",216,56,4,22,18,15,12,2796,665,43,266,304,198,"A","E",391,44,4,250,"A",195,"Rick Cerone",0.259259259259259,0.237839771101574,"[-0.13,26)","[0.25,0.3)","[190,425)","[10,24]","0"
"-Ron Cey",256,70,13,42,36,44,16,7058,1845,312,965,1128,990,"N","E",41,118,8,1050,"A",196,"Ron Cey",0.2734375,0.261405497308019,"[26,52)","[0.25,0.3)","[750,2.46e+03]","[10,24]","1"
"-Rob Deer",466,108,33,75,86,72,3,652,142,44,102,109,102,"A","E",286,8,8,215,"A",197,"Rob Deer",0.231759656652361,0.217791411042945,"[52,78)","[0.2,0.25)","[190,425)","[1,4)","0"
"-Rick Dempsey",327,68,13,42,29,45,18,3949,939,78,438,380,466,"A","E",659,53,7,400,"A",198,"Rick Dempsey",0.207951070336391,0.237781716890352,"[26,52)","[0.2,0.25)","[190,425)","[10,24]","0"
"-Ron Hassey",341,110,9,45,49,46,9,2331,658,50,249,322,274,"A","E",251,9,4,560,"A",199,"Ron Hassey",0.32258064516129,0.282282282282282,"[26,52)","[0.3,1)","[425,750)","[6,10)","0"
"-Rickey Henderson",608,160,28,130,74,89,8,4071,1182,103,862,417,708,"A","E",426,4,6,1670,"A",200,"Rickey Henderson",0.263157894736842,0.290346352247605,"[104,130)","[0.25,0.3)","[750,2.46e+03]","[6,10)","1"
"-Reggie Jackson",419,101,18,65,58,92,20,9528,2510,548,1509,1659,1342,"A","W",0,0,0,487.5,"A",201,"Reggie Jackson",0.241050119331742,0.26343408900084,"[52,78)","[0.2,0.25)","[425,750)","[10,24]","0"
"-Ron Kittle",376,82,21,42,60,35,5,1770,408,115,238,299,157,"A","W",0,0,0,425,"A",202,"Ron Kittle",0.218085106382979,0.230508474576271,"[26,52)","[0.2,0.25)","[425,750)","[4,6)","0"
"-Ray Knight",486,145,11,51,76,40,11,3967,1102,67,410,497,284,"N","E",88,204,16,500,"A",203,"Ray Knight",0.298353909465021,0.277791782203176,"[26,52)","[0.25,0.3)","[425,750)","[10,24]","0"
"-Rick Leach",246,76,5,35,39,13,6,912,234,12,102,96,80,"A","E",44,0,1,250,"A",204,"Rick Leach",0.308943089430894,0.256578947368421,"[26,52)","[0.3,1)","[190,425)","[6,10)","0"
"-Rick Manning",205,52,8,31,27,17,12,5134,1323,56,643,445,459,"A","E",155,3,2,400,"A",205,"Rick Manning",0.253658536585366,0.257693805999221,"[26,52)","[0.25,0.3)","[190,425)","[10,24]","0"
"-Rance Mulliniks",348,90,11,50,45,43,10,2288,614,43,295,273,269,"A","E",60,176,6,450,"A",206,"Rance Mulliniks",0.258620689655172,0.268356643356643,"[26,52)","[0.25,0.3)","[425,750)","[10,24]","0"
"-Ron Oester",523,135,8,52,44,52,9,3368,895,39,377,284,296,"N","W",367,475,19,750,"N",207,"Ron Oester",0.258126195028681,0.265736342042755,"[52,78)","[0.25,0.3)","[750,2.46e+03]","[6,10)","1"
"-Rey Quinones",312,68,2,32,22,24,1,312,68,2,32,22,24,"A","E",86,150,15,70,"A",208,"Rey Quinones",0.217948717948718,0.217948717948718,"[26,52)","[0.2,0.25)","[67.5,190)","[1,4)","0"
"-Rafael Ramirez",496,119,8,57,33,21,7,3358,882,36,365,280,165,"N","W",155,371,29,875,"N",209,"Rafael Ramirez",0.23991935483871,0.262656343061346,"[52,78)","[0.2,0.25)","[750,2.46e+03]","[6,10)","1"
"-Ronn Reynolds",126,27,3,8,10,5,4,239,49,3,16,13,14,"N","E",190,2,9,190,"N",210,"Ronn Reynolds",0.214285714285714,0.205020920502092,"[-0.13,26)","[0.2,0.25)","[190,425)","[4,6)","0"
"-Ron Roenicke",275,68,5,42,42,61,6,961,238,16,128,104,172,"N","E",181,3,2,191,"N",211,"Ron Roenicke",0.247272727272727,0.247658688865765,"[26,52)","[0.2,0.25)","[190,425)","[6,10)","0"
"-Ryne Sandberg",627,178,14,68,76,46,6,3146,902,74,494,345,242,"N","E",309,492,5,740,"N",212,"Ryne Sandberg",0.283891547049442,0.286713286713287,"[52,78)","[0.25,0.3)","[425,750)","[6,10)","0"
"-Rafael Santana",394,86,1,38,28,36,4,1089,267,3,94,71,76,"N","E",203,369,16,250,"N",213,"Rafael Santana",0.218274111675127,0.245179063360882,"[26,52)","[0.2,0.25)","[190,425)","[4,6)","0"
"-Rick Schu",208,57,8,32,25,18,3,653,170,17,98,54,62,"N","E",42,94,13,140,"N",214,"Rick Schu",0.274038461538462,0.260336906584992,"[26,52)","[0.25,0.3)","[67.5,190)","[1,4)","0"
"-Ruben Sierra",382,101,16,50,55,22,1,382,101,16,50,55,22,"A","W",200,7,6,97.5,"A",215,"Ruben Sierra",0.264397905759162,0.264397905759162,"[26,52)","[0.25,0.3)","[67.5,190)","[1,4)","0"
"-Roy Smalley",459,113,20,59,57,68,12,5348,1369,155,713,660,735,"A","W",0,0,0,740,"A",216,"Roy Smalley",0.246187363834423,0.255983545250561,"[52,78)","[0.2,0.25)","[425,750)","[10,24]","0"
"-Robby Thompson",549,149,7,73,47,42,1,549,149,7,73,47,42,"N","W",255,450,17,140,"N",217,"Robby Thompson",0.271402550091075,0.271402550091075,"[52,78)","[0.25,0.3)","[67.5,190)","[1,4)","0"
"-Rob Wilfong",288,63,3,25,33,16,10,2682,667,38,315,259,204,"A","W",135,257,7,341.667,"A",218,"Rob Wilfong",0.21875,0.248695003728561,"[-0.13,26)","[0.2,0.25)","[190,425)","[10,24]","0"
"-Robin Yount",522,163,9,82,46,62,13,7037,2019,153,1043,827,535,"A","E",352,9,1,1000,"A",219,"Robin Yount",0.312260536398467,0.286912036379139,"[78,104)","[0.3,1)","[750,2.46e+03]","[10,24]","1"
"-Steve Balboni",512,117,29,54,88,43,6,1750,412,100,204,276,155,"A","W",1236,98,18,100,"A",220,"Steve Balboni",0.228515625,0.235428571428571,"[52,78)","[0.2,0.25)","[67.5,190)","[6,10)","0"
"-Scott Bradley",220,66,5,20,28,13,3,290,80,5,27,31,15,"A","W",281,21,3,90,"A",221,"Scott Bradley",0.3,0.275862068965517,"[-0.13,26)","[0.3,1)","[67.5,190)","[1,4)","0"
"-Sid Bream",522,140,16,73,77,60,4,730,185,22,93,106,86,"N","E",1320,166,17,200,"N",222,"Sid Bream",0.268199233716475,0.253424657534247,"[52,78)","[0.25,0.3)","[190,425)","[4,6)","0"
"-Steve Buechele",461,112,18,54,54,35,2,680,160,24,76,75,49,"A","W",111,226,11,135,"A",223,"Steve Buechele",0.24295010845987,0.235294117647059,"[52,78)","[0.2,0.25)","[67.5,190)","[1,4)","0"
"-Shawon Dunston",581,145,17,66,68,21,2,831,210,21,106,86,40,"N","E",320,465,32,155,"N",224,"Shawon Dunston",0.249569707401033,0.252707581227437,"[52,78)","[0.2,0.25)","[67.5,190)","[1,4)","0"
"-Scott Fletcher",530,159,3,82,50,47,6,1619,426,11,218,149,163,"A","W",196,354,15,475,"A",225,"Scott Fletcher",0.3,0.263125386040766,"[78,104)","[0.3,1)","[425,750)","[6,10)","0"
"-Steve Garvey",557,142,21,58,81,23,18,8759,2583,271,1138,1299,478,"N","W",1160,53,7,1450,"N",226,"Steve Garvey",0.254937163375224,0.294896677702934,"[52,78)","[0.25,0.3)","[750,2.46e+03]","[10,24]","1"
"-Steve Jeltz",439,96,0,44,36,65,4,711,148,1,68,56,99,"N","E",229,406,22,150,"N",227,"Steve Jeltz",0.218678815489749,0.208157524613221,"[26,52)","[0.2,0.25)","[67.5,190)","[4,6)","0"
"-Steve Lombardozzi",453,103,8,53,33,52,2,507,123,8,63,39,58,"A","W",289,407,6,105,"A",228,"Steve Lombardozzi",0.227373068432671,0.242603550295858,"[52,78)","[0.2,0.25)","[67.5,190)","[1,4)","0"
"-Spike Owen",528,122,1,67,45,51,4,1716,403,12,211,146,155,"A","W",209,372,17,350,"A",229,"Spike Owen",0.231060606060606,0.234848484848485,"[52,78)","[0.2,0.25)","[190,425)","[4,6)","0"
"-Steve Sax",633,210,6,91,56,59,6,3070,872,19,420,230,274,"N","W",367,432,16,90,"N",230,"Steve Sax",0.33175355450237,0.284039087947883,"[78,104)","[0.3,1)","[67.5,190)","[6,10)","0"
"-Tony Bernazard",562,169,17,88,73,53,8,3181,841,61,450,342,373,"A","E",351,442,17,530,"A",231,"Tony Bernazard",0.300711743772242,0.264382269726501,"[78,104)","[0.3,1)","[425,750)","[6,10)","0"
"-Tom Brookens",281,76,3,42,25,20,8,2658,657,48,324,300,179,"A","E",106,144,7,341.667,"A",232,"Tom Brookens",0.270462633451957,0.247178329571106,"[26,52)","[0.25,0.3)","[190,425)","[6,10)","0"
"-Tom Brunansky",593,152,23,69,75,53,6,2765,686,133,369,384,321,"A","W",315,10,6,940,"A",233,"Tom Brunansky",0.256323777403035,0.248101265822785,"[52,78)","[0.25,0.3)","[750,2.46e+03]","[6,10)","1"
"-Tony Fernandez",687,213,10,91,65,27,4,1518,448,15,196,137,89,"A","E",294,445,13,350,"A",234,"Tony Fernandez",0.310043668122271,0.295125164690382,"[78,104)","[0.3,1)","[190,425)","[4,6)","0"
"-Tim Flannery",368,103,3,48,28,54,8,1897,493,9,207,162,198,"N","W",209,246,3,326.667,"N",235,"Tim Flannery",0.279891304347826,0.259884027411703,"[26,52)","[0.25,0.3)","[190,425)","[6,10)","0"
"-Tom Foley",263,70,1,26,23,30,4,888,220,9,83,82,86,"N","E",81,147,4,250,"N",236,"Tom Foley",0.26615969581749,0.247747747747748,"[26,52)","[0.25,0.3)","[190,425)","[4,6)","0"
"-Tony Gwynn",642,211,14,107,59,52,5,2364,770,27,352,230,193,"N","W",337,19,4,740,"N",237,"Tony Gwynn",0.328660436137072,0.325719120135364,"[104,130)","[0.3,1)","[425,750)","[4,6)","0"
"-Terry Harper",265,68,8,26,30,29,7,1337,339,32,135,163,128,"N","W",92,5,3,425,"A",238,"Terry Harper",0.256603773584906,0.253552729992521,"[26,52)","[0.25,0.3)","[425,750)","[6,10)","0"
"-Tommy Herr",559,141,2,48,61,73,8,3162,874,16,421,349,359,"N","E",352,414,9,925,"N",239,"Tommy Herr",0.252236135957066,0.2764073371284,"[26,52)","[0.25,0.3)","[750,2.46e+03]","[6,10)","1"
"-Tim Hulett",520,120,17,53,44,21,4,927,227,22,106,80,52,"A","W",70,144,11,185,"A",240,"Tim Hulett",0.230769230769231,0.24487594390507,"[52,78)","[0.2,0.25)","[67.5,190)","[4,6)","0"
"-Terry Kennedy",19,4,1,2,3,1,1,19,4,1,2,3,1,"N","W",692,70,8,920,"A",241,"Terry Kennedy",0.210526315789474,0.210526315789474,"[-0.13,26)","[0.2,0.25)","[750,2.46e+03]","[1,4)","1"
"-Tito Landrum",205,43,2,24,17,20,7,854,219,12,105,99,71,"N","E",131,6,1,286.667,"N",242,"Tito Landrum",0.209756097560976,0.256440281030445,"[-0.13,26)","[0.2,0.25)","[190,425)","[6,10)","0"
"-Tim Laudner",193,47,10,21,29,24,6,1136,256,42,129,139,106,"A","W",299,13,5,245,"A",243,"Tim Laudner",0.243523316062176,0.225352112676056,"[-0.13,26)","[0.2,0.25)","[190,425)","[6,10)","0"
"-Tom Paciorek",213,61,4,17,22,3,17,4061,1145,83,488,491,244,"A","W",178,45,4,235,"A",244,"Tom Paciorek",0.286384976525822,0.281950258557006,"[-0.13,26)","[0.25,0.3)","[190,425)","[10,24]","0"
"-Tony Pena",510,147,10,56,52,53,7,2872,821,63,307,340,174,"N","E",810,99,18,1150,"N",245,"Tony Pena",0.288235294117647,0.285863509749304,"[52,78)","[0.25,0.3)","[750,2.46e+03]","[6,10)","1"
"-Terry Pendleton",578,138,1,56,59,34,3,1399,357,7,149,161,87,"N","E",133,371,20,160,"N",246,"Terry Pendleton",0.238754325259516,0.25518227305218,"[52,78)","[0.2,0.25)","[67.5,190)","[1,4)","0"
"-Tony Phillips",441,113,5,76,52,76,5,1546,397,17,226,149,191,"A","W",160,290,11,425,"A",247,"Tony Phillips",0.256235827664399,0.256791720569211,"[52,78)","[0.25,0.3)","[425,750)","[4,6)","0"
"-Terry Puhl",172,42,3,17,14,15,10,4086,1150,57,579,363,406,"N","W",65,0,0,900,"N",248,"Terry Puhl",0.244186046511628,0.281448849730788,"[-0.13,26)","[0.2,0.25)","[750,2.46e+03]","[10,24]","1"
"-Ted Simmons",127,32,4,14,25,12,19,8396,2402,242,1048,1348,819,"N","W",167,18,6,500,"N",249,"Ted Simmons",0.251968503937008,0.286088613625536,"[-0.13,26)","[0.25,0.3)","[425,750)","[10,24]","0"
"-Tim Teufel",279,69,4,35,31,32,4,1359,355,31,180,148,158,"N","E",133,173,9,277.5,"N",250,"Tim Teufel",0.247311827956989,0.261221486387049,"[26,52)","[0.2,0.25)","[190,425)","[4,6)","0"
"-Tim Wallach",480,112,18,50,71,44,7,3031,771,110,338,406,239,"N","E",94,270,16,750,"N",251,"Tim Wallach",0.233333333333333,0.254371494556252,"[26,52)","[0.2,0.25)","[750,2.46e+03]","[6,10)","1"
"-Vince Coleman",600,139,0,94,29,60,2,1236,309,1,201,69,110,"N","E",300,12,9,160,"N",252,"Vince Coleman",0.231666666666667,0.25,"[78,104)","[0.2,0.25)","[67.5,190)","[1,4)","0"
"-Von Hayes",610,186,19,107,98,74,6,2728,753,69,399,366,286,"N","E",1182,96,13,1300,"N",253,"Von Hayes",0.304918032786885,0.276026392961877,"[104,130)","[0.3,1)","[750,2.46e+03]","[6,10)","1"
"-Vance Law",360,81,5,37,44,37,7,2268,566,41,279,257,246,"N","E",170,284,3,525,"N",254,"Vance Law",0.225,0.249559082892416,"[26,52)","[0.2,0.25)","[425,750)","[6,10)","0"
"-Wally Backman",387,124,1,67,27,36,7,1775,506,6,272,125,194,"N","E",186,290,17,550,"N",255,"Wally Backman",0.320413436692506,0.285070422535211,"[52,78)","[0.3,1)","[425,750)","[6,10)","0"
"-Wade Boggs",580,207,8,107,71,105,5,2778,978,32,474,322,417,"A","E",121,267,19,1600,"A",256,"Wade Boggs",0.356896551724138,0.352051835853132,"[104,130)","[0.3,1)","[750,2.46e+03]","[4,6)","1"
"-Will Clark",408,117,11,66,41,34,1,408,117,11,66,41,34,"N","W",942,72,11,120,"N",257,"Will Clark",0.286764705882353,0.286764705882353,"[52,78)","[0.25,0.3)","[67.5,190)","[1,4)","0"
"-Wally Joyner",593,172,22,82,100,57,1,593,172,22,82,100,57,"A","W",1222,139,15,165,"A",258,"Wally Joyner",0.290050590219224,0.290050590219224,"[78,104)","[0.25,0.3)","[67.5,190)","[1,4)","0"
"-Willie McGee",497,127,7,65,48,37,5,2703,806,32,379,311,138,"N","E",325,9,3,700,"N",259,"Willie McGee",0.255533199195171,0.298187199408065,"[52,78)","[0.25,0.3)","[425,750)","[4,6)","0"
"-Willie Randolph",492,136,5,76,50,94,12,5511,1511,39,897,451,875,"A","E",313,381,20,875,"A",260,"Willie Randolph",0.276422764227642,0.274178914897478,"[52,78)","[0.25,0.3)","[750,2.46e+03]","[10,24]","1"
"-Wayne Tolleson",475,126,3,61,43,52,6,1700,433,7,217,93,146,"A","W",37,113,7,385,"A",261,"Wayne Tolleson",0.265263157894737,0.254705882352941,"[52,78)","[0.25,0.3)","[190,425)","[6,10)","0"
"-Willie Upshaw",573,144,9,85,60,78,8,3198,857,97,470,420,332,"A","E",1314,131,12,960,"A",262,"Willie Upshaw",0.25130890052356,0.267979987492183,"[78,104)","[0.25,0.3)","[750,2.46e+03]","[6,10)","1"
"-Willie Wilson",631,170,9,77,44,31,11,4908,1457,30,775,357,249,"A","W",408,4,3,1000,"A",263,"Willie Wilson",0.269413629160063,0.296862265688672,"[52,78)","[0.25,0.3)","[750,2.46e+03]","[10,24]","1"
